CREATE TABLE TBL_AUTHOR(
	AUTHOR_ID INT PRIMARY KEY,
	AUTHOR_NAME VARCHAR(10),
	COUNTRY VARCHAR(10),

)


CREATE TABLE TBL_BOOK(
	BOOK_ID INT PRIMARY KEY,
	BOOK_TITLE VARCHAR(10),
	AUTHORID INT 
	FOREIGN KEY(AUTHORID) REFERENCES TBL_AUTHOR(AUTHOR_ID)
)

INSERT INTO TBL_AUTHOR(AUTHOR_ID,AUTHOR_NAME,COUNTRY) VALUES(101,'AKASH','INDIA')
INSERT INTO TBL_AUTHOR(AUTHOR_ID,AUTHOR_NAME,COUNTRY) VALUES(102,'ROBERT','USA')
INSERT INTO TBL_AUTHOR(AUTHOR_ID,AUTHOR_NAME,COUNTRY) VALUES(103,'JATIN','INDIA')

INSERT INTO TBL_BOOK(BOOK_ID,BOOK_TITLE,AUTHORID) VALUES(1,'ATOMICS',101)

INSERT INTO TBL_BOOK(BOOK_ID,BOOK_TITLE,AUTHORID) VALUES(2,'SUNRISE',102)

SELECT B.BOOK_TITLE,A.AUTHOR_NAME,A.COUNTRY
FROM TBL_BOOK AS B 
INNER JOIN
TBL_AUTHOR AS A
ON
A.AUTHOR_ID = B.AUTHORID


SELECT * FROM TBL_AUTHOR
SELECT * FROM TBL_BOOK


--MEDIUM QUESTION
CREATE TABLE Department (
    DeptID INT PRIMARY KEY,
    DeptName VARCHAR(100)
);

-- Create Course Table
CREATE TABLE Course (
    CourseID INT PRIMARY KEY,
    CourseName VARCHAR(100),
    DeptID INT,
    FOREIGN KEY (DeptID) REFERENCES Department(DeptID)
);


-- Insert Departments
INSERT INTO Department VALUES
(1, 'Computer Science'),
(2, 'Physics'),
(3, 'Mathematics'),
(4, 'Chemistry'),
(5, 'Biology');

-- Insert Courses
INSERT INTO Course VALUES
(101, 'Data Structures', 1),
(102, 'Operating Systems', 1),
(103, 'Quantum Mechanics', 2),
(104, 'Electromagnetism', 2),
(105, 'Linear Algebra', 3),
(106, 'Calculus', 3),
(107, 'Organic Chemistry', 4),
(108, 'Physical Chemistry', 4),
(109, 'Genetics', 5),
(110, 'Molecular Biology', 5);

SELECT DeptName FROM Department WHERE DeptID IN(

SELECT COURSENAME FROM COURSE GROUP BY DeptID HAVING COUNT(*) > 2)

CREATE LOGIN LOGIN_ASHU
WITH PASSWORD = 'ROOT'

CREATE USER USER1 FOR LOGIN LOGIN_ASHU

EXECUTE AS USER = 'USER1'

GRANT SELECT ON COURSE TO USER1